run_id,timestamp,project_id,candidate_module,model_name,notes,spec_name,primary_metric,primary_metric_direction,cv_strategy_name,cv_n_splits,cv_random_state,interpretability_score,interpretability_rubric_version,interpretability_judgment_path,interpretability_audit_status,interpretability_audit_path,status,submission_path,report_path,fold_metrics_path,run_metadata_path,loop_run_id,condition,iteration_index,budget,agent_model,baseline_commit,baseline_candidate_sha256,candidate_path,agent_input_manifest_path,error_traceback_path,error,cv_description,cv_rmse_mean,cv_rmse_std,cv_mae_mean,cv_mae_std,cv_r2_mean,cv_r2_std,diagnostics_path
20260615T032153Z,2026-06-15T03:21:53.449134+00:00,synthetic_regression,projects.synthetic_regression.experiments.candidate_model,baseline_ridge,Ridge regression baseline with standardized features; useful as a linear reference point for later residual-driven model search.,default,cv_rmse_mean,minimize,kfold_5_shuffle_seed42,5.0,42.0,,,,,,success,/home/res1235/workspace/agentic-imodels-harness/projects/synthetic_regression/results/submissions/20260615T032153Z.csv,/home/res1235/workspace/agentic-imodels-harness/projects/synthetic_regression/results/runs/20260615T032153Z/report.md,/home/res1235/workspace/agentic-imodels-harness/projects/synthetic_regression/results/runs/20260615T032153Z/fold_metrics.json,/home/res1235/workspace/agentic-imodels-harness/projects/synthetic_regression/results/runs/20260615T032153Z/run_metadata.json,,,,,,,,,,,,5-fold shuffled KFold over all labeled rows.,1.8116843840040504,0.179297688797781,1.3458242756587964,0.1186428789909871,0.7296408643143408,0.0390827403385172,/home/res1235/workspace/agentic-imodels-harness/projects/synthetic_regression/results/runs/20260615T032153Z/residual_diagnostics.json
20260620T140928Z,2026-06-20T14:09:28.360003+00:00,synthetic_regression,projects.synthetic_regression.experiments.candidate_model,baseline_ridge,Ridge regression baseline with standardized features; useful as a linear reference point for later residual-driven model search.,default,cv_rmse_mean,minimize,kfold_5_shuffle_seed42,5.0,42.0,,,,,,success,/home/res1235/workspace/agentic-imodels-harness/projects/synthetic_regression/results/submissions/20260620T140928Z.csv,/home/res1235/workspace/agentic-imodels-harness/projects/synthetic_regression/results/runs/20260620T140928Z/report.md,/home/res1235/workspace/agentic-imodels-harness/projects/synthetic_regression/results/runs/20260620T140928Z/fold_metrics.json,/home/res1235/workspace/agentic-imodels-harness/projects/synthetic_regression/results/runs/20260620T140928Z/run_metadata.json,,,,,,,,,,,,5-fold shuffled KFold over all labeled rows.,1.8116843840040504,0.179297688797781,1.3458242756587964,0.1186428789909871,0.7296408643143408,0.0390827403385172,/home/res1235/workspace/agentic-imodels-harness/projects/synthetic_regression/results/runs/20260620T140928Z/residual_diagnostics.json
20260620T143950Z,2026-06-20T14:39:50.980574+00:00,synthetic_regression,projects.synthetic_regression.experiments.candidate_model,baseline_ridge,Ridge regression baseline with standardized features; useful as a linear reference point for later residual-driven model search.,default,cv_rmse_mean,minimize,kfold_5_shuffle_seed42,5.0,42.0,,,,,,success,/home/res1235/workspace/agentic-imodels-harness/projects/synthetic_regression/results/submissions/20260620T143950Z.csv,/home/res1235/workspace/agentic-imodels-harness/projects/synthetic_regression/results/runs/20260620T143950Z/report.md,/home/res1235/workspace/agentic-imodels-harness/projects/synthetic_regression/results/runs/20260620T143950Z/fold_metrics.json,/home/res1235/workspace/agentic-imodels-harness/projects/synthetic_regression/results/runs/20260620T143950Z/run_metadata.json,,,,,,,,,,,,5-fold shuffled KFold over all labeled rows.,1.8116843840040504,0.179297688797781,1.3458242756587964,0.1186428789909871,0.7296408643143408,0.0390827403385172,/home/res1235/workspace/agentic-imodels-harness/projects/synthetic_regression/results/runs/20260620T143950Z/residual_diagnostics.json
20260620T145006Z,2026-06-20T14:50:06.683433+00:00,synthetic_regression,projects.synthetic_regression.experiments.candidate_model,baseline_ridge,Ridge regression baseline with standardized features; useful as a linear reference point for later residual-driven model search.,default,cv_rmse_mean,minimize,kfold_5_shuffle_seed42,5.0,42.0,,,,,,success,/home/res1235/workspace/agentic-imodels-harness/projects/synthetic_regression/results/submissions/20260620T145006Z.csv,/home/res1235/workspace/agentic-imodels-harness/projects/synthetic_regression/results/runs/20260620T145006Z/report.md,/home/res1235/workspace/agentic-imodels-harness/projects/synthetic_regression/results/runs/20260620T145006Z/fold_metrics.json,/home/res1235/workspace/agentic-imodels-harness/projects/synthetic_regression/results/runs/20260620T145006Z/run_metadata.json,,,,,,,,,,,,5-fold shuffled KFold over all labeled rows.,1.8116843840040504,0.179297688797781,1.3458242756587964,0.1186428789909871,0.7296408643143408,0.0390827403385172,/home/res1235/workspace/agentic-imodels-harness/projects/synthetic_regression/results/runs/20260620T145006Z/residual_diagnostics.json
20260620T164931Z,2026-06-20T16:49:31.920278+00:00,synthetic_regression,_toy_imodels_loop_candidate_78e0298ecd80ef05,poly2_ridgecv,"RidgeCV over standardized linear, squared, and pairwise interaction features to test whether smooth second-order structure lowers RMSE.",default,cv_rmse_mean,minimize,kfold_5_shuffle_seed42,5.0,42.0,,,,,,success,/home/res1235/workspace/agentic-imodels-harness/projects/synthetic_regression/results/submissions/20260620T164931Z.csv,/home/res1235/workspace/agentic-imodels-harness/projects/synthetic_regression/results/runs/20260620T164931Z/report.md,/home/res1235/workspace/agentic-imodels-harness/projects/synthetic_regression/results/runs/20260620T164931Z/fold_metrics.json,/home/res1235/workspace/agentic-imodels-harness/projects/synthetic_regression/results/runs/20260620T164931Z/run_metadata.json,bvr_20260621_002_blind_causal_control,blind,1.0,5.0,codex,,,/home/res1235/workspace/agentic-imodels-harness/projects/synthetic_regression/results/loop_runs/bvr_20260621_002_blind_causal_control/workspace/candidate_model.py,/home/res1235/workspace/agentic-imodels-harness/projects/synthetic_regression/results/loop_runs/bvr_20260621_002_blind_causal_control/agent_input_bundle/iteration_1/input_manifest.json,,,5-fold shuffled KFold over all labeled rows.,1.038394391666334,0.063995515697576,0.823323400989145,0.0434987855648527,0.910289549173608,0.0146207461893595,/home/res1235/workspace/agentic-imodels-harness/projects/synthetic_regression/results/runs/20260620T164931Z/residual_diagnostics.json
20260620T170011Z,2026-06-20T17:02:31.823121+00:00,synthetic_regression,_toy_imodels_loop_candidate_78e0298ecd80ef05,poly2_ridgecv,"RidgeCV over standardized linear, squared, and pairwise interaction features to test whether smooth second-order structure lowers RMSE.",default,cv_rmse_mean,minimize,kfold_5_shuffle_seed42,5.0,42.0,0.83,agentic-imodels-agent-facing-v1,projects/synthetic_regression/results/runs/20260620T170011Z/interpretability_judgment.json,pass,projects/synthetic_regression/results/runs/20260620T170011Z/interpretability_judgment_audit.json,success,projects/synthetic_regression/results/submissions/20260620T170011Z.csv,projects/synthetic_regression/results/runs/20260620T170011Z/report.md,projects/synthetic_regression/results/runs/20260620T170011Z/fold_metrics.json,projects/synthetic_regression/results/runs/20260620T170011Z/run_metadata.json,bvr_20260621_002_blind_causal_control,blind,1.0,5.0,codex,f78d837c191512d80dcf19e4ab0c6508186cca3f,0ec48409ff694e26e37ea211aab5f71875cc372b330c271dd5d9cca6254f70f0,/home/res1235/workspace/agentic-imodels-harness/projects/synthetic_regression/results/loop_runs/bvr_20260621_002_blind_causal_control/workspace/candidate_model.py,/home/res1235/workspace/agentic-imodels-harness/projects/synthetic_regression/results/loop_runs/bvr_20260621_002_blind_causal_control/agent_input_bundle/iteration_1/input_manifest.json,,,5-fold shuffled KFold over all labeled rows.,1.038394391666334,0.063995515697576,0.823323400989145,0.0434987855648527,0.910289549173608,0.0146207461893595,projects/synthetic_regression/results/runs/20260620T170011Z/residual_diagnostics.json
20260620T171443Z,2026-06-20T17:17:34.317116+00:00,synthetic_regression,_toy_imodels_loop_candidate_78e0298ecd80ef05,poly3_ridgecv,RidgeCV over standardized degree-3 polynomial features to test whether additional smooth nonlinear terms lower RMSE.,default,cv_rmse_mean,minimize,kfold_5_shuffle_seed42,5.0,42.0,0.81,agentic-imodels-agent-facing-v1,projects/synthetic_regression/results/runs/20260620T171443Z/interpretability_judgment.json,pass,projects/synthetic_regression/results/runs/20260620T171443Z/interpretability_judgment_audit.json,success,projects/synthetic_regression/results/submissions/20260620T171443Z.csv,projects/synthetic_regression/results/runs/20260620T171443Z/report.md,projects/synthetic_regression/results/runs/20260620T171443Z/fold_metrics.json,projects/synthetic_regression/results/runs/20260620T171443Z/run_metadata.json,bvr_20260621_002_blind_causal_control,blind,2.0,5.0,codex,f78d837c191512d80dcf19e4ab0c6508186cca3f,0ec48409ff694e26e37ea211aab5f71875cc372b330c271dd5d9cca6254f70f0,/home/res1235/workspace/agentic-imodels-harness/projects/synthetic_regression/results/loop_runs/bvr_20260621_002_blind_causal_control/workspace/candidate_model.py,/home/res1235/workspace/agentic-imodels-harness/projects/synthetic_regression/results/loop_runs/bvr_20260621_002_blind_causal_control/agent_input_bundle/iteration_2/input_manifest.json,,,5-fold shuffled KFold over all labeled rows.,1.701281859279637,0.0875676059678028,1.3047934152658076,0.0500538397214413,0.7598428679955023,0.032160868517801,projects/synthetic_regression/results/runs/20260620T171443Z/residual_diagnostics.json
20260620T172633Z,2026-06-20T17:29:42.268931+00:00,synthetic_regression,_toy_imodels_loop_candidate_78e0298ecd80ef05,poly2_regularized_ridgecv,RidgeCV over standardized degree-2 polynomial features with a denser regularization grid to reduce cubic-basis variance and lower RMSE.,default,cv_rmse_mean,minimize,kfold_5_shuffle_seed42,5.0,42.0,0.84,agentic-imodels-agent-facing-v1,projects/synthetic_regression/results/runs/20260620T172633Z/interpretability_judgment.json,pass,projects/synthetic_regression/results/runs/20260620T172633Z/interpretability_judgment_audit.json,success,projects/synthetic_regression/results/submissions/20260620T172633Z.csv,projects/synthetic_regression/results/runs/20260620T172633Z/report.md,projects/synthetic_regression/results/runs/20260620T172633Z/fold_metrics.json,projects/synthetic_regression/results/runs/20260620T172633Z/run_metadata.json,bvr_20260621_002_blind_causal_control,blind,3.0,5.0,codex,f78d837c191512d80dcf19e4ab0c6508186cca3f,0ec48409ff694e26e37ea211aab5f71875cc372b330c271dd5d9cca6254f70f0,/home/res1235/workspace/agentic-imodels-harness/projects/synthetic_regression/results/loop_runs/bvr_20260621_002_blind_causal_control/workspace/candidate_model.py,/home/res1235/workspace/agentic-imodels-harness/projects/synthetic_regression/results/loop_runs/bvr_20260621_002_blind_causal_control/agent_input_bundle/iteration_3/input_manifest.json,,,5-fold shuffled KFold over all labeled rows.,1.0365081797413436,0.0634164105317115,0.8220314066405789,0.0423909197092811,0.9106109937967136,0.0145317707053058,projects/synthetic_regression/results/runs/20260620T172633Z/residual_diagnostics.json
20260620T173855Z,2026-06-20T17:41:42.903629+00:00,synthetic_regression,_toy_imodels_loop_candidate_78e0298ecd80ef05,poly2_basis_scaled_ridgecv,"RidgeCV over degree-2 polynomial features with basis-wise standardization so linear, squared, and interaction terms receive comparable shrinkage.",default,cv_rmse_mean,minimize,kfold_5_shuffle_seed42,5.0,42.0,0.85,agentic-imodels-agent-facing-v1,projects/synthetic_regression/results/runs/20260620T173855Z/interpretability_judgment.json,pass,projects/synthetic_regression/results/runs/20260620T173855Z/interpretability_judgment_audit.json,success,projects/synthetic_regression/results/submissions/20260620T173855Z.csv,projects/synthetic_regression/results/runs/20260620T173855Z/report.md,projects/synthetic_regression/results/runs/20260620T173855Z/fold_metrics.json,projects/synthetic_regression/results/runs/20260620T173855Z/run_metadata.json,bvr_20260621_002_blind_causal_control,blind,4.0,5.0,codex,f78d837c191512d80dcf19e4ab0c6508186cca3f,0ec48409ff694e26e37ea211aab5f71875cc372b330c271dd5d9cca6254f70f0,/home/res1235/workspace/agentic-imodels-harness/projects/synthetic_regression/results/loop_runs/bvr_20260621_002_blind_causal_control/workspace/candidate_model.py,/home/res1235/workspace/agentic-imodels-harness/projects/synthetic_regression/results/loop_runs/bvr_20260621_002_blind_causal_control/agent_input_bundle/iteration_4/input_manifest.json,,,5-fold shuffled KFold over all labeled rows.,1.0361009699328494,0.063347611849607,0.8207696381205075,0.0426550660930746,0.9107178094251314,0.0143130106885708,projects/synthetic_regression/results/runs/20260620T173855Z/residual_diagnostics.json
