run_id,timestamp,project_id,candidate_module,model_name,notes,spec_name,primary_metric,primary_metric_direction,cv_strategy_name,cv_n_splits,cv_random_state,interpretability_score,interpretability_rubric_version,interpretability_judgment_path,interpretability_audit_status,interpretability_audit_path,status,submission_path,report_path,fold_metrics_path,run_metadata_path,candidate_snapshot_path,loop_run_id,condition,iteration_index,budget,agent_model,baseline_commit,baseline_candidate_sha256,candidate_path,agent_input_manifest_path,error_traceback_path,error,cv_description,cv_rmse_mean,cv_rmse_std,cv_mae_mean,cv_mae_std,cv_r2_mean,cv_r2_std,diagnostics_path
20260615T032153Z,2026-06-15T03:21:53.449134+00:00,synthetic_regression,projects.synthetic_regression.experiments.candidate_model,baseline_ridge,Ridge regression baseline with standardized features; useful as a linear reference point for later residual-driven model search.,default,cv_rmse_mean,minimize,kfold_5_shuffle_seed42,5.0,42.0,,,,,,success,/home/res1235/workspace/agentic-imodels-harness/projects/synthetic_regression/results/submissions/20260615T032153Z.csv,/home/res1235/workspace/agentic-imodels-harness/projects/synthetic_regression/results/runs/20260615T032153Z/report.md,/home/res1235/workspace/agentic-imodels-harness/projects/synthetic_regression/results/runs/20260615T032153Z/fold_metrics.json,/home/res1235/workspace/agentic-imodels-harness/projects/synthetic_regression/results/runs/20260615T032153Z/run_metadata.json,/home/res1235/workspace/agentic-imodels-harness/projects/synthetic_regression/results/runs/20260615T032153Z/candidate_snapshot.py,,,,,,,,,,,,5-fold shuffled KFold over all labeled rows.,1.8116843840040504,0.179297688797781,1.3458242756587964,0.1186428789909871,0.7296408643143408,0.0390827403385172,/home/res1235/workspace/agentic-imodels-harness/projects/synthetic_regression/results/runs/20260615T032153Z/residual_diagnostics.json
20260620T140928Z,2026-06-20T14:09:28.360003+00:00,synthetic_regression,projects.synthetic_regression.experiments.candidate_model,baseline_ridge,Ridge regression baseline with standardized features; useful as a linear reference point for later residual-driven model search.,default,cv_rmse_mean,minimize,kfold_5_shuffle_seed42,5.0,42.0,,,,,,success,/home/res1235/workspace/agentic-imodels-harness/projects/synthetic_regression/results/submissions/20260620T140928Z.csv,/home/res1235/workspace/agentic-imodels-harness/projects/synthetic_regression/results/runs/20260620T140928Z/report.md,/home/res1235/workspace/agentic-imodels-harness/projects/synthetic_regression/results/runs/20260620T140928Z/fold_metrics.json,/home/res1235/workspace/agentic-imodels-harness/projects/synthetic_regression/results/runs/20260620T140928Z/run_metadata.json,/home/res1235/workspace/agentic-imodels-harness/projects/synthetic_regression/results/runs/20260620T140928Z/candidate_snapshot.py,,,,,,,,,,,,5-fold shuffled KFold over all labeled rows.,1.8116843840040504,0.179297688797781,1.3458242756587964,0.1186428789909871,0.7296408643143408,0.0390827403385172,/home/res1235/workspace/agentic-imodels-harness/projects/synthetic_regression/results/runs/20260620T140928Z/residual_diagnostics.json
20260620T143950Z,2026-06-20T14:39:50.980574+00:00,synthetic_regression,projects.synthetic_regression.experiments.candidate_model,baseline_ridge,Ridge regression baseline with standardized features; useful as a linear reference point for later residual-driven model search.,default,cv_rmse_mean,minimize,kfold_5_shuffle_seed42,5.0,42.0,,,,,,success,/home/res1235/workspace/agentic-imodels-harness/projects/synthetic_regression/results/submissions/20260620T143950Z.csv,/home/res1235/workspace/agentic-imodels-harness/projects/synthetic_regression/results/runs/20260620T143950Z/report.md,/home/res1235/workspace/agentic-imodels-harness/projects/synthetic_regression/results/runs/20260620T143950Z/fold_metrics.json,/home/res1235/workspace/agentic-imodels-harness/projects/synthetic_regression/results/runs/20260620T143950Z/run_metadata.json,/home/res1235/workspace/agentic-imodels-harness/projects/synthetic_regression/results/runs/20260620T143950Z/candidate_snapshot.py,,,,,,,,,,,,5-fold shuffled KFold over all labeled rows.,1.8116843840040504,0.179297688797781,1.3458242756587964,0.1186428789909871,0.7296408643143408,0.0390827403385172,/home/res1235/workspace/agentic-imodels-harness/projects/synthetic_regression/results/runs/20260620T143950Z/residual_diagnostics.json
20260620T145006Z,2026-06-20T14:50:06.683433+00:00,synthetic_regression,projects.synthetic_regression.experiments.candidate_model,baseline_ridge,Ridge regression baseline with standardized features; useful as a linear reference point for later residual-driven model search.,default,cv_rmse_mean,minimize,kfold_5_shuffle_seed42,5.0,42.0,,,,,,success,/home/res1235/workspace/agentic-imodels-harness/projects/synthetic_regression/results/submissions/20260620T145006Z.csv,/home/res1235/workspace/agentic-imodels-harness/projects/synthetic_regression/results/runs/20260620T145006Z/report.md,/home/res1235/workspace/agentic-imodels-harness/projects/synthetic_regression/results/runs/20260620T145006Z/fold_metrics.json,/home/res1235/workspace/agentic-imodels-harness/projects/synthetic_regression/results/runs/20260620T145006Z/run_metadata.json,/home/res1235/workspace/agentic-imodels-harness/projects/synthetic_regression/results/runs/20260620T145006Z/candidate_snapshot.py,,,,,,,,,,,,5-fold shuffled KFold over all labeled rows.,1.8116843840040504,0.179297688797781,1.3458242756587964,0.1186428789909871,0.7296408643143408,0.0390827403385172,/home/res1235/workspace/agentic-imodels-harness/projects/synthetic_regression/results/runs/20260620T145006Z/residual_diagnostics.json
20260620T154656Z,2026-06-20T15:52:04.353412+00:00,synthetic_regression,_toy_imodels_loop_candidate_da49e5f7dbeadc36,quadratic_ridge_cv,RidgeCV over standardized first- and second-order polynomial features to capture smooth curvature and pairwise interactions.,default,cv_rmse_mean,minimize,kfold_5_shuffle_seed42,5.0,42.0,0.926,agentic-imodels-agent-facing-v1,projects/synthetic_regression/results/runs/20260620T154656Z/interpretability_judgment.json,pass,projects/synthetic_regression/results/runs/20260620T154656Z/interpretability_judgment_audit.json,success,projects/synthetic_regression/results/submissions/20260620T154656Z.csv,projects/synthetic_regression/results/runs/20260620T154656Z/report.md,projects/synthetic_regression/results/runs/20260620T154656Z/fold_metrics.json,projects/synthetic_regression/results/runs/20260620T154656Z/run_metadata.json,projects/synthetic_regression/results/runs/20260620T154656Z/candidate_snapshot.py,bvr_20260621_001_representation_causal,representation,1.0,5.0,codex,f78d837c191512d80dcf19e4ab0c6508186cca3f,0ec48409ff694e26e37ea211aab5f71875cc372b330c271dd5d9cca6254f70f0,/home/res1235/workspace/agentic-imodels-harness/projects/synthetic_regression/results/loop_runs/bvr_20260621_001_representation_causal/workspace/candidate_model.py,/home/res1235/workspace/agentic-imodels-harness/projects/synthetic_regression/results/loop_runs/bvr_20260621_001_representation_causal/agent_input_bundle/iteration_1/input_manifest.json,,,5-fold shuffled KFold over all labeled rows.,1.0347029527195686,0.0610885593703091,0.819038976791522,0.0407535817006659,0.9110226108241448,0.0137328828175214,projects/synthetic_regression/results/runs/20260620T154656Z/residual_diagnostics.json
20260620T155743Z,2026-06-20T16:08:37.871479+00:00,synthetic_regression,_toy_imodels_loop_candidate_da49e5f7dbeadc36,sparse_quadratic_elasticnet_cv,ElasticNetCV over standardized first- and second-order polynomial features to retain strong curvature/interactions while pruning weak expanded terms.,default,cv_rmse_mean,minimize,kfold_5_shuffle_seed42,5.0,42.0,0.936,agentic-imodels-agent-facing-v1,projects/synthetic_regression/results/runs/20260620T155743Z/interpretability_judgment.json,pass,projects/synthetic_regression/results/runs/20260620T155743Z/interpretability_judgment_audit.json,success,projects/synthetic_regression/results/submissions/20260620T155743Z.csv,projects/synthetic_regression/results/runs/20260620T155743Z/report.md,projects/synthetic_regression/results/runs/20260620T155743Z/fold_metrics.json,projects/synthetic_regression/results/runs/20260620T155743Z/run_metadata.json,projects/synthetic_regression/results/runs/20260620T155743Z/candidate_snapshot.py,bvr_20260621_001_representation_causal,representation,2.0,5.0,codex,f78d837c191512d80dcf19e4ab0c6508186cca3f,0ec48409ff694e26e37ea211aab5f71875cc372b330c271dd5d9cca6254f70f0,/home/res1235/workspace/agentic-imodels-harness/projects/synthetic_regression/results/loop_runs/bvr_20260621_001_representation_causal/workspace/candidate_model.py,/home/res1235/workspace/agentic-imodels-harness/projects/synthetic_regression/results/loop_runs/bvr_20260621_001_representation_causal/agent_input_bundle/iteration_2/input_manifest.json,,,5-fold shuffled KFold over all labeled rows.,0.9488077169183388,0.0581497271525093,0.7460675801700568,0.0441571839587614,0.9253358215796668,0.0106632475612835,projects/synthetic_regression/results/runs/20260620T155743Z/residual_diagnostics.json
20260620T161400Z,2026-06-20T16:18:54.764533+00:00,synthetic_regression,_toy_imodels_loop_candidate_da49e5f7dbeadc36,sparse_cubic_elasticnet_cv,ElasticNetCV over standardized polynomial features up to degree 3 to test whether sparse higher-order curvature/interactions reduce RMSE beyond the retained quadratic structure.,default,cv_rmse_mean,minimize,kfold_5_shuffle_seed42,5.0,42.0,0.9,agentic-imodels-agent-facing-v1,projects/synthetic_regression/results/runs/20260620T161400Z/interpretability_judgment.json,pass,projects/synthetic_regression/results/runs/20260620T161400Z/interpretability_judgment_audit.json,success,projects/synthetic_regression/results/submissions/20260620T161400Z.csv,projects/synthetic_regression/results/runs/20260620T161400Z/report.md,projects/synthetic_regression/results/runs/20260620T161400Z/fold_metrics.json,projects/synthetic_regression/results/runs/20260620T161400Z/run_metadata.json,projects/synthetic_regression/results/runs/20260620T161400Z/candidate_snapshot.py,bvr_20260621_001_representation_causal,representation,3.0,5.0,codex,f78d837c191512d80dcf19e4ab0c6508186cca3f,0ec48409ff694e26e37ea211aab5f71875cc372b330c271dd5d9cca6254f70f0,/home/res1235/workspace/agentic-imodels-harness/projects/synthetic_regression/results/loop_runs/bvr_20260621_001_representation_causal/workspace/candidate_model.py,/home/res1235/workspace/agentic-imodels-harness/projects/synthetic_regression/results/loop_runs/bvr_20260621_001_representation_causal/agent_input_bundle/iteration_3/input_manifest.json,,,5-fold shuffled KFold over all labeled rows.,0.8491843799488503,0.0396591069226847,0.6738790869226399,0.026375503263443,0.9401606720264136,0.0079078170284803,projects/synthetic_regression/results/runs/20260620T161400Z/residual_diagnostics.json
20260620T162417Z,2026-06-20T16:27:53.380628+00:00,synthetic_regression,_toy_imodels_loop_candidate_da49e5f7dbeadc36,post_lasso_cubic_ridge_cv,"L1-select a sparse cubic polynomial basis, then refit RidgeCV on the retained terms to reduce shrinkage bias while preserving the higher-order structure that improved RMSE.",default,cv_rmse_mean,minimize,kfold_5_shuffle_seed42,5.0,42.0,0.9,agentic-imodels-agent-facing-v1,projects/synthetic_regression/results/runs/20260620T162417Z/interpretability_judgment.json,pass,projects/synthetic_regression/results/runs/20260620T162417Z/interpretability_judgment_audit.json,success,projects/synthetic_regression/results/submissions/20260620T162417Z.csv,projects/synthetic_regression/results/runs/20260620T162417Z/report.md,projects/synthetic_regression/results/runs/20260620T162417Z/fold_metrics.json,projects/synthetic_regression/results/runs/20260620T162417Z/run_metadata.json,projects/synthetic_regression/results/runs/20260620T162417Z/candidate_snapshot.py,bvr_20260621_001_representation_causal,representation,4.0,5.0,codex,f78d837c191512d80dcf19e4ab0c6508186cca3f,0ec48409ff694e26e37ea211aab5f71875cc372b330c271dd5d9cca6254f70f0,/home/res1235/workspace/agentic-imodels-harness/projects/synthetic_regression/results/loop_runs/bvr_20260621_001_representation_causal/workspace/candidate_model.py,/home/res1235/workspace/agentic-imodels-harness/projects/synthetic_regression/results/loop_runs/bvr_20260621_001_representation_causal/agent_input_bundle/iteration_4/input_manifest.json,,,5-fold shuffled KFold over all labeled rows.,0.9152049842837406,0.0829549699659445,0.7163202327111586,0.0511965173800695,0.930318611540798,0.0129468431727643,projects/synthetic_regression/results/runs/20260620T162417Z/residual_diagnostics.json
20260620T163252Z,2026-06-20T16:37:28.287480+00:00,synthetic_regression,_toy_imodels_loop_candidate_da49e5f7dbeadc36,direct_sparse_cubic_elasticnet_cv,"ElasticNetCV directly fits a sparse cubic polynomial basis, retaining the higher-order terms that improved RMSE while preserving shrinkage that the post-selection Ridge refit appeared to remove.",default,cv_rmse_mean,minimize,kfold_5_shuffle_seed42,5.0,42.0,0.85,agentic-imodels-agent-facing-v1,projects/synthetic_regression/results/runs/20260620T163252Z/interpretability_judgment.json,pass,projects/synthetic_regression/results/runs/20260620T163252Z/interpretability_judgment_audit.json,success,projects/synthetic_regression/results/submissions/20260620T163252Z.csv,projects/synthetic_regression/results/runs/20260620T163252Z/report.md,projects/synthetic_regression/results/runs/20260620T163252Z/fold_metrics.json,projects/synthetic_regression/results/runs/20260620T163252Z/run_metadata.json,projects/synthetic_regression/results/runs/20260620T163252Z/candidate_snapshot.py,bvr_20260621_001_representation_causal,representation,5.0,5.0,codex,f78d837c191512d80dcf19e4ab0c6508186cca3f,0ec48409ff694e26e37ea211aab5f71875cc372b330c271dd5d9cca6254f70f0,/home/res1235/workspace/agentic-imodels-harness/projects/synthetic_regression/results/loop_runs/bvr_20260621_001_representation_causal/workspace/candidate_model.py,/home/res1235/workspace/agentic-imodels-harness/projects/synthetic_regression/results/loop_runs/bvr_20260621_001_representation_causal/agent_input_bundle/iteration_5/input_manifest.json,,,5-fold shuffled KFold over all labeled rows.,0.8486066058537377,0.0384577132997118,0.6734071083860472,0.024711533359603,0.9402732652027352,0.0076485410036751,projects/synthetic_regression/results/runs/20260620T163252Z/residual_diagnostics.json
